用户名,用户id,发布时间,用户位置,用户评论
许超医生,5979495016,2022-03-10 17:49:28,山东,最新消息，该校党委书记已被免职。追责是后话，当务之急是要确保学生们的安全！持续关注中。
oceanfat,1760439993,2022-03-10 17:48:51,西藏 林芝,压住了就是管理牛逼，压不住才叫“爆发”
治皮医性的马大夫,1903975320,2022-03-10 17:47:29,西藏,有人要下课了。天天学，天天讲，天天练。还这样。
xgxg110a,1056555071,2022-03-10 19:59:37,吉林,这是人祸！是刻意隐瞒知情不报！为什么吉林市农业科技学院大面积感染？必须追责！
逗猫中郎将,3191759064,2022-03-10 17:50:15,山东 济南,我擦，这什么操作？出现一例疑似就该高度重视了，怎么还拖到现在。这是什么鬼操作
Love-Faith-Peace,5555859434,2022-03-10 19:14:18,浙江 宁波,"请特别关注『吉林农业科技学院』快点儿给学生和学生的家人带来希望和光！<span class=""url-icon""><img alt=[心] src=""https://h5.sinaimg.cn/m/emoticon/icon/others/l_xin-43af9086c0.png"" style=""width:1em; height:1em;"" /></span>"
怪诞幽灵,5679332571,2022-03-10 18:00:43,其他,"老有人说不严重不碍事儿，当成大型感冒   ( 33`д07)36))д07)31 咋了，就不说新冠，感冒是个好事儿是吧？<span class=""url-icon""><img alt=[疑问] src=""https://h5.sinaimg.cn/m/emoticon/icon/default/d_yiwen-40c066d5c3.png"" style=""width:1em; height:1em;"" /></span>被传染感冒还挺开心吗<span class=""url-icon""><img alt=[疑问] src=""https://h5.sinaimg.cn/m/emoticon/icon/default/d_yiwen-40c066d5c3.png"" style=""width:1em; height:1em;"" /></span>知不知道免疫力差的人要处处小心才能不感冒？感冒的时候头昏脑涨，再加上鼻炎，不会有人还挺开心的吧<span class=""url-icon""><img alt=[疑问] src=""https://h5.sinaimg.cn/m/emoticon/icon/default/d_yiwen-40c066d5c3.png"" style=""width:1em; height:1em;"" /></span> 要是我们学校干这事儿，那真的( 99_f99)"
r,5122286051,2022-03-10 17:31:27,其他,"怎么感觉到处都是疫情了<span class=""url-icon""><img alt=[悲伤] src=""https://h5.sinaimg.cn/m/emoticon/icon/default/d_beishang-c95268c034.png"" style=""width:1em; height:1em;"" /></span>"
凌寒逸飞雪,1158912581,2022-03-10 21:29:54,吉林,吉林市亚桥中学也隐瞒不报，让确诊老师回家吃药不让上报。
lujundejiu,3546355943,2022-03-10 18:58:31,上海 浦东新区,疫情二年，一个城市没有应急预案？学校有疫情，靠瞒能瞒住？上报教委，市委呀，
桑葚泡酒我泡你,6006591974,2022-03-10 17:30:23,湖南,靠舆论才能引起关注，这是时代之幸，也是时代之不幸
易呀呀呀呀,6380097962,2022-03-10 20:31:59,其他,"<a  href=""https://m.weibo.cn/search?containerid=231522type%3D1%26t%3D10%26q%3D%23%E4%B9%9D%E5%8F%B0%E7%96%AB%E6%83%85%23&extparam=%23%E4%B9%9D%E5%8F%B0%E7%96%AB%E6%83%85%23"" data-hide=""""><span class=""surl-text"">#九台疫情#</span></a> 还有这个呢"
执白zzz,5533693965,2022-03-10 20:42:08,山东 青岛,"呜呜呜，关心一下青岛吧，莱西那2000多了<span class=""url-icon""><img alt=""[苦涩]"" src=""https://face.t.sinajs.cn/t4/appstyle/expression/ext/normal/7e/2021_bitter_org.png"" style=""width:1em; height:1em;"" /></span>"
南南南南南南洋,6531302769,2022-03-11 18:28:00,吉林,吉林九台一中也很严重了，为什么吉林的都是学生，看的好揪心
松子热轧,2715689590,2022-03-10 18:20:36,吉林 延边朝鲜族自治州,不想给学校洗白，但是我想表达的是，学校都交叉感染了，省里、市里的防疫相关人员是真不知道还是装作不知道？！是学校瞒着？还是没协调到资源？！这不是处理一个校长能解决的了问题的！希望能站出来给学生们一个说法
米兰007px,7568052050,2022-03-10 19:16:58,吉林 吉林,吉林加油！太吓人了。
快乐樱瑛英,5233556656,2022-03-10 17:52:46,海外,说成等死也是无语
郝亚超律师,1787378707,2022-03-11 20:15:55,北京 东城区,发生了疫情，可以理解，毕竟不可能设计铜墙铁壁。但是发生后的应对，就真是地方政府执政能力试金石了。
H花神5H,6682755738,2022-03-11 15:53:40,香港 其他,"，并要求所有参检人员不聚集、不议论，严禁在网上发布各种文字、照片、视频。常规操作<span class=""url-icon""><img alt=[good] src=""https://h5.sinaimg.cn/m/emoticon/icon/others/h_good-0c51afc69c.png"" style=""width:1em; height:1em;"" /></span>"
王cr荣荣v,6298384886,2022-03-10 17:30:05,山东,有问题还是及早解决更好一些
叽里咕噜磨磨唧唧,1906103677,2022-03-10 21:43:31,海外 其他,这么多人确诊，还严重外溢，肯定有人失职了，但愿能追责到底，别随便找几个人搞个免职敷衍了事
蓝胖纸丸子汤,7319989073,2022-03-10 17:51:47,其他,疫情并不可怕，可怕的是管理有问题
磊子不打烊・,5312409061,2022-03-10 17:52:48,其他,"他们收到需要的物资了吗那些女孩子可以有卫生巾用了吗<span class=""url-icon""><img alt=[疑问] src=""https://h5.sinaimg.cn/m/emoticon/icon/default/d_yiwen-40c066d5c3.png"" style=""width:1em; height:1em;"" /></span>"
米伽米勒,2373456872,2022-03-11 21:12:24,北京,吉林早该整顿了，去办事，一个个眼睛都长在脑瓜顶，问一句说一句，问多了就说网上也可以办，你扫码回去弄吧，烂在骨子里了，一问啥都不知道，再问就是上面就这么说的，再说就是开会去了，不知道天天开个屁的会，赶紧下去算了
救救闪蝶兽,1958103854,2022-03-11 15:48:00,其他,官僚主义，是不是他们的必修课?
西门翠雪-,7604170349,2022-03-10 21:27:18,广西,不就是大号感冒吗？那么紧张干嘛?
游戏体验2,3962286900,2022-03-10 19:27:14,陕西 西安,"慢慢放开吧<span class=""url-icon""><img alt=[doge] src=""https://h5.sinaimg.cn/m/emoticon/icon/others/d_doge-be7f768d78.png"" style=""width:1em; height:1em;"" /></span>"
一树繁花一树锦,6269810883,2022-03-10 17:54:06,其他,高校里志愿者一般都是学生，而且还得悬干部和党员，这是火线机会，一般不到申请不到。年前西安高校也都是学生志愿者爬楼送餐。 很正常。
我是小小苦行僧,6166956243,2022-03-10 17:41:48,其他,比有些日报为人民
尼古拉斯二娃子,7468121895,2022-03-10 14:55:16,其他,"网传吉林农业科技学院的疫情是真的吗<span class=""url-icon""><img alt=[单身狗] src=""https://h5.sinaimg.cn/m/emoticon/icon/_/co_niuec-7d05bc992a.png"" style=""width:1em; height:1em;"" /></span>"
金钱多点,5589382939,2022-03-11 18:44:27,其他,点赞不是因为暂停，是为了更多人看到
改了名字的小伙,1817967343,2022-03-11 15:51:22,辽宁 盘锦,乐观点，走走停停也许是为了等记者拍照~
谁是李氏春秋,6405436668,2022-03-10 17:33:02,海外,隐藏问题，欲盖弥彰
酸梅很甜h,5993306913,2022-03-10 20:28:38,其他,希望大家都平平安安
你是我眼中最亮的星8,5206789618,2022-03-10 19:17:51,黑龙江 大兴安岭,免职轻了，该判刑，人命啊，还是年轻的人
我是小小苦行僧,6166956243,2022-03-10 16:36:56,其他,搜狐能处，有事儿他是真发
傻福娃子,6130833683,2022-03-10 17:50:49,其他,"所有在吉林上学的学生都会感谢搜狐的<span class=""url-icon""><img alt=[泪] src=""https://h5.sinaimg.cn/m/emoticon/icon/default/d_lei-4cdf6ee412.png"" style=""width:1em; height:1em;"" /></span><span class=""url-icon""><img alt=[泪] src=""https://h5.sinaimg.cn/m/emoticon/icon/default/d_lei-4cdf6ee412.png"" style=""width:1em; height:1em;"" /></span>"
桃花依旧笑春风lovemyself,6129794156,2022-03-10 14:53:42,其他,刚看到哪个学校的事儿，是吉林么？
聂文君RMica,1769005317,2022-03-11 19:27:07,江苏 南京,为什么联系相关部门联系不上！
leeowell,5580316693,2022-03-11 16:44:37,天津 河东区,有人说这世界上第一个教会孩子说谎的就是老师，因为什么领导检查，来宾参观啊，都会提前安排提问回答的学生说背过的答案。
璀璨天空kk,6573420042,2022-03-10 17:30:35,湖北,感谢老师分享！
juMG的向日葵,7312593428,2022-03-11 00:17:49,吉林,"请多多关注吉林市，尤其是吉林农业科技学院<span class=""url-icon""><img alt=[作揖] src=""https://h5.sinaimg.cn/m/emoticon/icon/others/h_zuoyi-519f80d31c.png"" style=""width:1em; height:1em;"" /></span>"
小李都不讲道理,5362773394,2022-03-10 17:54:43,其他,学校负责人自己的孩子不在学校无所谓？昨天看了天津那个家长怼小学领导有句话：我就这么一个孩子，谁弄我孩子我弄谁，领导不怕头脑发热的孩子家长直接杀过去？
明天许光汉就娶我,7732667481,2022-03-10 16:37:22,其他,若今日冷眼旁观，则明日无人为我摇旗呐喊
阳光的shinya,1205196527,2022-03-10 21:54:51,其他,这是啥啊
一切顺利呦呦,7533465632,2022-03-10 18:05:25,海外 西班牙,"感谢搜狐千里眼！<span class=""url-icon""><img alt=[泪] src=""https://h5.sinaimg.cn/m/emoticon/icon/default/d_lei-4cdf6ee412.png"" style=""width:1em; height:1em;"" /></span>吉林市疫情恶化十几天了，今天增的阳性将近三百例，到现在发声的官博屈指可数，想想为女明星蓝海的架势。。。哎<span class=""url-icon""><img alt=[泪] src=""https://h5.sinaimg.cn/m/emoticon/icon/default/d_lei-4cdf6ee412.png"" style=""width:1em; height:1em;"" /></span>"
京城屿鹿,5391725507,2022-03-10 14:57:44,湖南,"而且我朋友被送到隔离点后到现在没有吃饭<span class=""url-icon""><img alt=[泪] src=""https://h5.sinaimg.cn/m/emoticon/icon/default/d_lei-4cdf6ee412.png"" style=""width:1em; height:1em;"" /></span>"
纠纠的快乐小天使,2656419223,2022-03-11 22:44:08,吉林 长春,今天晚上都没看见热搜了，我就在吉林市，我都不知道说啥好了，根本忙不过来，我们楼已经有确诊的了，我们被封楼之后，没有物资，没有消毒，没有做核酸，没有倒垃圾，只是把单元的门锁上了，打市长电话说了也没用，告诉打区政府电话，我打了20多遍都没人接，哎，吉林市的疫情真的已经火烧眉毛了
Just_call_me,5344529145,2022-03-11 16:18:24,安徽 合肥,这是疫情的第几年了？？？
涵伯然,6624250974,2022-03-10 17:31:03,山西 晋城,疫情来了，一定要正确认知，而不是一味的隐瞒！
周香羽-Z,5587576342,2022-03-10 19:46:55,吉林,吉林加油！！！
nino76000,1264496802,2022-03-10 17:48:14,天津,这个一段时间，具体是多少天？
京京_呀呀呀,5500690810,2022-03-10 16:36:56,辽宁 沈阳,良心媒体！
人间折梅客,6573584636,2022-03-10 18:43:11,其他,战吗？战啊！以最孤高的梦 致那黑夜中的呜咽与怒吼
百合susie,2680410123,2022-03-10 18:04:47,黑龙江 哈尔滨,下午看见学院学生的求救微博，现在看见这个结果，作为一个母亲 终于心踏实点了
卡布奇洛开心锦鲤,5509877332,2022-03-10 17:20:19,浙江,你们不要再叫官媒报道了，官媒是不会真实报道中国不好的信息的！
山东法考生拍案,7040138540,2022-03-12 08:17:36,山东 滨州,根本原因：正义缺失、姑息养奸！――带来的危害，就是事故或灾难接踵而至
什么时候完蛋,6096495528,2022-03-11 15:49:47,其他,学校领导应该追究刑责
努力了就没有遗憾,7373714397,2022-03-10 17:30:59,其他,希望疫情早日结束啊，太可怕了
一个想涨分的人,6654303794,2022-03-10 19:27:12,北京,。
还是得努力学习哒,6374838764,2022-03-10 17:50:33,重庆,确诊病例经过了我这个区，学校就让我停课…严防死守。学校措施一开始就有问题啊
阿西吧炸酱,1615720362,2022-03-10 16:37:39,海外,搜狐你可以处！
容嬷嬷的大头针,3883127257,2022-03-10 19:20:45,其他,"又吃就行？宿舍隔离不怕几个孩子交叉感染再出现什么病毒变异吗<span class=""url-icon""><img alt=[疑问] src=""https://h5.sinaimg.cn/m/emoticon/icon/default/d_yiwen-40c066d5c3.png"" style=""width:1em; height:1em;"" /></span><span class=""url-icon""><img alt=[疑问] src=""https://h5.sinaimg.cn/m/emoticon/icon/default/d_yiwen-40c066d5c3.png"" style=""width:1em; height:1em;"" /></span><span class=""url-icon""><img alt=[疑问] src=""https://h5.sinaimg.cn/m/emoticon/icon/default/d_yiwen-40c066d5c3.png"" style=""width:1em; height:1em;"" /></span>"
小城市的男人_921,5016973288,2022-03-10 20:32:45,吉林,听说学校给学生拉出来，转一圈又给送回去了，不知道是真是假
榴莲酥可爱多,6380169846,2022-03-10 14:54:41,吉林,能不能看看学校啊？
芮城清韵,1855651224,2022-03-12 20:53:18,山西 运城,"愿春天快快来到<span class=""url-icon""><img alt=""[2022]"" src=""https://face.t.sinajs.cn/t4/appstyle/expression/ext/normal/bc/2021_2022_org.png"" style=""width:1em; height:1em;"" /></span>"
SHZ微博,2187474837,2022-03-11 15:45:00,上海 长宁区,严查责任人。
2022依然晒不黑欧,5184512477,2022-03-10 17:30:22,海外,太吓人了，这是事故吧！那些学生怎么办
去DUT歹海鲜,6330518180,2022-03-10 19:18:12,辽宁,看看上海
蘑大神,3975473772,2022-03-10 18:01:28,天津,把校党委书记和相关领导和确诊同学一起隔离吧，感同身受一下
杨建允谈社交化商业,5122187716,2022-03-10 20:43:34,陕西 西安,不负责任就很可怕
星离雨离星,5586916428,2022-03-10 16:39:18,福建 厦门,"学校一出事做的第一件事就是压事情，而不是解决事情。<span class=""url-icon""><img alt=[允悲] src=""https://h5.sinaimg.cn/m/emoticon/icon/default/d_yunbei-a14a649db8.png"" style=""width:1em; height:1em;"" /></span><span class=""url-icon""><img alt=[允悲] src=""https://h5.sinaimg.cn/m/emoticon/icon/default/d_yunbei-a14a649db8.png"" style=""width:1em; height:1em;"" /></span>"
Uke_elf,7283804862,2022-03-10 19:18:33,山东,？还洗吗
香蕉你个芭拉party,2942208302,2022-03-10 17:57:27,吉林 白城,这境外输入不停 疫情就消停不了 强烈建议暂停境外输入 这次珲春 吉林 都是韩国那个境外输入闹的 希望有关部门重视一下吧 整个省 都跟着遭罪
凌儿17516,5191359461,2022-03-10 17:58:16,其他,请中央重视！！！派医疗队支援！！！紧急配送防疫治疗物资！！！
沙泥碟,5993090665,2022-03-11 19:33:01,吉林 长春,说的对太对了
浅末风尘,6351849037,2022-03-11 17:26:59,河北,"又不是疫情刚爆发那个时候，没防疫经验。都特么三年了，这操作真让人无语。<a  href=""https://m.weibo.cn/search?containerid=231522type%3D1%26t%3D10%26q%3D%23%E5%90%89%E6%9E%97%E5%86%9C%E4%B8%9A%E7%A7%91%E6%8A%80%E5%AD%A6%E9%99%A2%E7%96%AB%E6%83%85%23&extparam=%23%E5%90%89%E6%9E%97%E5%86%9C%E4%B8%9A%E7%A7%91%E6%8A%80%E5%AD%A6%E9%99%A2%E7%96%AB%E6%83%85%23"" data-hide=""""><span class=""surl-text"">#吉林农业科技学院疫情#</span></a>"
苦心夹心饼,6682284527,2022-03-10 18:45:00,河南 郑州,这话说的没毛病，索性后面重视起来，有了具体行动了
浔浔冲冲冲,6448131534,2022-03-11 00:17:46,其他,"<a  href=""https://m.weibo.cn/search?containerid=231522type%3D1%26t%3D10%26q%3D%23%E5%90%89%E6%9E%97%E6%8A%97%E7%96%AB%E5%9C%A8%E8%A1%8C%E5%8A%A8%23&extparam=%23%E5%90%89%E6%9E%97%E6%8A%97%E7%96%AB%E5%9C%A8%E8%A1%8C%E5%8A%A8%23"" data-hide=""""><span class=""surl-text"">#吉林抗疫在行动#</span></a> 050505050505"
周小山的助手,6636657316,2022-03-10 17:50:52,四川,"<span class=""url-icon""><img alt=[傻眼] src=""https://h5.sinaimg.cn/m/emoticon/icon/default/d_shayan-4e8000eba9.png"" style=""width:1em; height:1em;"" /></span>我朋友去当了几天志愿者，现在是次密接封在家里，希望她没有事"
直隶总督888,6126386904,2022-03-10 20:31:29,河北,050505孩子们早日康复康复
芋_今天掉秤了吗,2875594390,2022-03-11 15:07:26,海外,但凡“有人管”，也不至于发wb。
那片乌云遮不住天,6275213046,2022-03-10 16:37:11,山东,热搜刚来？被压了多久了
你的羽,1973892050,2022-03-10 20:00:41,北京 朝阳区,崽儿，你被危机公关了吗？
今天睡到千玺了吗,5838517614,2022-03-10 17:54:23,黑龙江,谢谢  他们终于有救了
六月克村,5518826934,2022-03-10 15:05:27,河南 三门峡,吉林农业科技学院
观察家家中观察,2899565335,2022-03-11 18:53:41,辽宁 沈阳,更加瞠目结舌的是香港，谢谢
星星熄灯了72,6670821649,2022-03-10 17:41:21,其他,感觉你分析的很正确
首都燕郊,1107468551,2022-03-10 22:13:52,北京,"吉林加油，吉林挺住<span class=""url-icon""><img alt=""[虎爪比心]"" src=""https://face.t.sinajs.cn/t4/appstyle/expression/ext/normal/2b/2022_handheart_org.png"" style=""width:1em; height:1em;"" /></span><span class=""url-icon""><img alt=""[虎爪比心]"" src=""https://face.t.sinajs.cn/t4/appstyle/expression/ext/normal/2b/2022_handheart_org.png"" style=""width:1em; height:1em;"" /></span><span class=""url-icon""><img alt=[作揖] src=""https://h5.sinaimg.cn/m/emoticon/icon/others/h_zuoyi-519f80d31c.png"" style=""width:1em; height:1em;"" /></span><span class=""url-icon""><img alt=[作揖] src=""https://h5.sinaimg.cn/m/emoticon/icon/others/h_zuoyi-519f80d31c.png"" style=""width:1em; height:1em;"" /></span>"
在路的两头,6799031194,2022-03-10 19:26:47,内蒙古,"入狱都不为过！心疼孩子们！<span class=""url-icon""><img alt=[二哈] src=""https://h5.sinaimg.cn/m/emoticon/icon/others/d_erha-139d0e07bd.png"" style=""width:1em; height:1em;"" /></span>"
天涯云辉,1848749775,2022-03-10 21:54:22,北京 东城区,你不是在国外吗？还操心国内的学生啊
halo_min,2214944295,2022-03-11 12:57:33,辽宁 大连,都不容易啊 爆胎特殊情况大家都不想呀 ！有没有这么夸张，逮着一个农科院的热搜就揪住不放，学生们也没有那么脆弱吧
Valuevey,5859373947,2022-03-10 16:37:58,其他,"良心媒体，你能处<span class=""url-icon""><img alt=[doge] src=""https://h5.sinaimg.cn/m/emoticon/icon/others/d_doge-be7f768d78.png"" style=""width:1em; height:1em;"" /></span>"
卡坦精阿臧,5811572970,2022-03-10 20:41:10,河北 保定,不要洗白了，最近看到这个消息实在是心里太难过了，我们多相信我们的党和政府，学校应该是给学生关怀的地方，不应该拿这么多孩子的生命当儿戏，当地政府也是占很大责任的，不应该只撤职学校党委书记，应该给学生，学生家长和社会一个交代
不一遮阳,7581720152,2022-03-10 20:49:14,其他,国内的防疫政策是哪个部门黑屋子里打印出来的？打字员是哪几位啊？觉得和徐州调查组一样
非雨晓鹤,5251450492,2022-03-10 15:10:44,河北,吉林，加油。
吉祥-926,5710694143,2022-03-12 08:14:37,其他,这种人为了自己的乌纱帽连他人的生命都不在乎  这种领导就应该被判死刑
关山飞渡梦里唐朝,3847504303,2022-03-10 17:38:21,北京,"要实事求是才是硬道理<span class=""url-icon""><img alt=[赞] src=""https://h5.sinaimg.cn/m/emoticon/icon/others/h_zan-44ddc70637.png"" style=""width:1em; height:1em;"" /></span>吉林加油"
W-布鲁克林有棵树,2101225005,2022-03-11 06:21:40,吉林 长春,1200够干啥的
不再叫局长,2920092401,2022-03-10 19:43:44,北京,我也看到了，我也转发了
小遥_yy,1580251630,2022-03-10 21:47:29,其他,一刀切，__特色
金刀王,1203091483,2022-03-11 00:07:54,其他,"这大无语事件<span class=""url-icon""><img alt=[怒] src=""https://h5.sinaimg.cn/m/emoticon/icon/default/d_nu-0ddf642bed.png"" style=""width:1em; height:1em;"" /></span><a data-url=""http://t.cn/A66q3Qwg"" href=""http://t.cn/A66q3Qwg"" data-hide=""""><span class='url-icon'><img style='width: 1rem;height: 1rem' src='https://h5.sinaimg.cn/upload/2015/09/25/3/timeline_card_small_web_default.png'></span><span class=""surl-text"">网页链接</span></a>"
一棵柏_,2643507031,2022-03-11 08:37:09,其他,顶顶顶，希望我大吉林的亲人朋友都平安！
Becky-Linda,5994502349,2022-03-10 16:46:52,吉林 长春,搜狐会因为今天的举动，得到更多的支持，加油，加油吉林，加油吉农科
西安老方A,1596987345,2022-03-11 14:22:19,陕西 西安,"<a  href=""https://m.weibo.cn/p/index?extparam=%E6%96%B9%E8%80%81%E8%A7%86%E7%82%B9&containerid=100808851978b9482b8f4a8ba76add88147a25"" data-hide=""""><span class='url-icon'><img style='width: 1rem;height: 1rem' src='https://n.sinaimg.cn/photo/5213b46e/20180926/timeline_card_small_super_default.png'></span><span class=""surl-text"">方老视点</span></a>  【<a  href=""https://m.weibo.cn/search?containerid=231522type%3D1%26t%3D10%26q%3D%23%E5%90%89%E6%9E%97%E5%86%9C%E4%B8%9A%E7%A7%91%E6%8A%80%E5%AD%A6%E9%99%A2%E5%AD%A6%E7%94%9F%E5%AE%B6%E9%95%BF%E5%8F%91%E5%A3%B0%23&extparam=%23%E5%90%89%E6%9E%97%E5%86%9C%E4%B8%9A%E7%A7%91%E6%8A%80%E5%AD%A6%E9%99%A2%E5%AD%A6%E7%94%9F%E5%AE%B6%E9%95%BF%E5%8F%91%E5%A3%B0%23"" data-hide=""""><span class=""surl-text"">#吉林农业科技学院学生家长发声#</span></a>：孩子暂在宿舍隔离，吃饭有人送】3月10日，吉林省吉林市。吉林农业科技学院学生一家长称，今天下午学生开始转移了，自己家孩子所在公寓没有发生疫情，目前一个宿舍6个孩子暂在宿舍隔离，吃饭有人送。（搜狐千里眼）<a  href=""https://m.weibo.cn/search?containerid=231522type%3D1%26t%3D10%26q%3D%23%E5%B8%A6%E7%9D%80%E5%BE%AE%E5%8D%9A%E8%B5%B0%E5%A4%A9%E4%B8%8B%23&isnewpage=1"" data-hide=""""><span class=""surl-text"">#带着微博走天下#</span></a>"
我就是哈利波特大,2344057533,2022-03-10 18:08:32,北京,本来没啥事 这下好了 全军覆没
五指毛桃__,6189357615,2022-03-10 17:39:40,其他,真的都是轻症吗？看到说有人没有意识了。
彩彩彩-虹,5521034910,2022-03-11 20:13:35,山东 青岛,九台一中是真的吗
西府钛郎,7129998614,2022-03-10 17:31:42,广东 珠海,不知道是咋想的，为什么要扎堆呢
小小薛忆之,5934124418,2022-03-10 21:15:25,吉林 吉林,身处吉林市，我真的无比恐慌
来日方丈和腿毛少女,2194312974,2022-03-10 21:59:56,西藏,"舆情大于天哦<span class=""url-icon""><img alt=[doge] src=""https://h5.sinaimg.cn/m/emoticon/icon/others/d_doge-be7f768d78.png"" style=""width:1em; height:1em;"" /></span>"
LoeJ11,7616732782,2022-03-10 13:08:11,吉林,"加油 一定会有人看到的 一定会有人帮忙的<span class=""url-icon""><img alt=[打call] src=""https://h5.sinaimg.cn/m/emoticon/icon/default/fb_a1dacall-1e0c4593fc.png"" style=""width:1em; height:1em;"" /></span>"
KakiLL,7552362657,2022-03-10 22:31:23,其他,"意难平啊，明明是最好的19岁，却不能看世界<span class=""url-icon""><img alt=[悲伤] src=""https://h5.sinaimg.cn/m/emoticon/icon/default/d_beishang-c95268c034.png"" style=""width:1em; height:1em;"" /></span>"
改名字真是一件非常困难的事,6447489657,2022-03-10 16:33:18,重庆,"小小年纪，冠冕堂皇这一套还挺信手拈来的<span class=""url-icon""><img alt=[good] src=""https://h5.sinaimg.cn/m/emoticon/icon/others/h_good-0c51afc69c.png"" style=""width:1em; height:1em;"" /></span>"
麟酱LIN-,7138877408,2022-03-11 08:13:07,其他,"UPUPUP<span class=""url-icon""><img alt=[泪] src=""https://h5.sinaimg.cn/m/emoticon/icon/default/d_lei-4cdf6ee412.png"" style=""width:1em; height:1em;"" /></span><span class=""url-icon""><img alt=[泪] src=""https://h5.sinaimg.cn/m/emoticon/icon/default/d_lei-4cdf6ee412.png"" style=""width:1em; height:1em;"" /></span><span class=""url-icon""><img alt=[泪] src=""https://h5.sinaimg.cn/m/emoticon/icon/default/d_lei-4cdf6ee412.png"" style=""width:1em; height:1em;"" /></span>  姐妹现在怎么样了<span class=""url-icon""><img alt=[泪] src=""https://h5.sinaimg.cn/m/emoticon/icon/default/d_lei-4cdf6ee412.png"" style=""width:1em; height:1em;"" /></span><span class=""url-icon""><img alt=[泪] src=""https://h5.sinaimg.cn/m/emoticon/icon/default/d_lei-4cdf6ee412.png"" style=""width:1em; height:1em;"" /></span><span class=""url-icon""><img alt=[泪] src=""https://h5.sinaimg.cn/m/emoticon/icon/default/d_lei-4cdf6ee412.png"" style=""width:1em; height:1em;"" /></span>"
长春烟火味,2232995491,2022-03-10 16:35:46,其他,"<span class=""url-icon""><img alt=[围观] src=""https://h5.sinaimg.cn/m/emoticon/icon/others/o_weiguan-96e2adbbaa.png"" style=""width:1em; height:1em;"" /></span><span class=""url-icon""><img alt=[围观] src=""https://h5.sinaimg.cn/m/emoticon/icon/others/o_weiguan-96e2adbbaa.png"" style=""width:1em; height:1em;"" /></span><span class=""url-icon""><img alt=[围观] src=""https://h5.sinaimg.cn/m/emoticon/icon/others/o_weiguan-96e2adbbaa.png"" style=""width:1em; height:1em;"" /></span><span class=""url-icon""><img alt=[围观] src=""https://h5.sinaimg.cn/m/emoticon/icon/others/o_weiguan-96e2adbbaa.png"" style=""width:1em; height:1em;"" /></span><span class=""url-icon""><img alt=[话筒] src=""https://h5.sinaimg.cn/m/emoticon/icon/others/o_huatong-0a3e80b147.png"" style=""width:1em; height:1em;"" /></span><span class=""url-icon""><img alt=[话筒] src=""https://h5.sinaimg.cn/m/emoticon/icon/others/o_huatong-0a3e80b147.png"" style=""width:1em; height:1em;"" /></span><span class=""url-icon""><img alt=[话筒] src=""https://h5.sinaimg.cn/m/emoticon/icon/others/o_huatong-0a3e80b147.png"" style=""width:1em; height:1em;"" /></span><span class=""url-icon""><img alt=[话筒] src=""https://h5.sinaimg.cn/m/emoticon/icon/others/o_huatong-0a3e80b147.png"" style=""width:1em; height:1em;"" /></span>"
心动超声室,2286425275,2022-03-10 21:10:40,其他,"报道没有疫情的公寓有屁用<span class=""url-icon""><img alt=[费解] src=""https://h5.sinaimg.cn/m/emoticon/icon/default/d_feijie-c1df37ef03.png"" style=""width:1em; height:1em;"" /></span>"
李家惠-,2969827167,2022-03-10 20:29:13,广东 广州,"煎熬啊！<span class=""url-icon""><img alt=[伤心] src=""https://h5.sinaimg.cn/m/emoticon/icon/others/l_shangxin-49b2fe44a6.png"" style=""width:1em; height:1em;"" /></span>"
-张张不吃香菜,5530451767,2022-03-10 17:29:16,河北 石家庄,"刚刚发的说农科院确诊病例多，这个又没有农科院的学生<span class=""url-icon""><img alt=[可爱] src=""https://h5.sinaimg.cn/m/emoticon/icon/default/d_keai-9aae643ce8.png"" style=""width:1em; height:1em;"" /></span><span class=""url-icon""><img alt=[可爱] src=""https://h5.sinaimg.cn/m/emoticon/icon/default/d_keai-9aae643ce8.png"" style=""width:1em; height:1em;"" /></span><span class=""url-icon""><img alt=[可爱] src=""https://h5.sinaimg.cn/m/emoticon/icon/default/d_keai-9aae643ce8.png"" style=""width:1em; height:1em;"" /></span>这到底是为什么呢<span class=""url-icon""><img alt=[哈哈] src=""https://h5.sinaimg.cn/m/emoticon/icon/default/d_haha-0ec05e6dad.png"" style=""width:1em; height:1em;"" /></span>"
塞纳河畔的春水s,6358098948,2022-03-12 13:39:43,其他,反弹的根源是境外输入，只要其他国家有疫情中国就不得安生，真服了！
Bobifaye上,1739029094,2022-03-10 17:30:45,上海 嘉定区,希望疫情早日能控制好
今日佘山,5282924179,2022-03-11 10:46:31,上海 松江区,转发
仲慕冬葭,3193738613,2022-03-10 21:56:56,重庆,"这就是管理方法――不删除者拿不到毕业证<span class=""url-icon""><img alt=[微笑] src=""https://h5.sinaimg.cn/m/emoticon/icon/default/d_hehe-0be7e6251f.png"" style=""width:1em; height:1em;"" /></span>"
原来是芒果G,7313440945,2022-03-10 13:04:13,海外,<a href='/n/人民日报'>@人民日报</a> <a href='/n/央视新闻'>@央视新闻</a>
村村油饼,3284513501,2022-03-10 21:45:41,其他,"还有女生生理期没有卫生巾 这也太痛苦了<span class=""url-icon""><img alt=""[苦涩]"" src=""https://face.t.sinajs.cn/t4/appstyle/expression/ext/normal/7e/2021_bitter_org.png"" style=""width:1em; height:1em;"" /></span>"
Cc哥lc,5887051926,2022-03-10 16:38:30,山东 青岛,别的不说哥们，只要你们校长不下台，你保研是稳了！
我_回来了啊,2166182785,2022-03-11 13:38:40,海外,这张图真的完全没办法让人相信文字内容。转运车好多辆，车牌尾号多少的，荷载多少人，爆胎停在哪了？什么信息都没有，顶你转发500拘留？总有人伺机制造混乱…
车辆小卒而已,1650939114,2022-03-10 16:44:25,辽宁 大连,必须严肃处理！！！！！
江南太子妃st,5124345433,2022-03-10 20:13:47,其他,"还在这洗呢<span class=""url-icon""><img alt=[嘻嘻] src=""https://h5.sinaimg.cn/m/emoticon/icon/default/d_xixi-643ef6e48d.png"" style=""width:1em; height:1em;"" /></span>"
小福贵没有金手指,5590951988,2022-03-10 17:53:13,四川,"救了命了<span class=""url-icon""><img alt=[跪了] src=""https://h5.sinaimg.cn/m/emoticon/icon/default/d_guile-a8a737d3a0.png"" style=""width:1em; height:1em;"" /></span>"
克勘堇杀,5883531714,2022-03-10 15:05:17,其他,能先看看学校吗？
Witness_Ge,1765711897,2022-03-12 12:47:38,吉林 吉林,评论的都头头是道，没见一个能真正解决实际问题的。人员紧张、医疗资源紧张的实际问题就摆在那，要不最后也不至于驱车几个小时把学生拉到周边城市隔离。2号晚上第一例阳性确诊后应急方案就立即启动了，隔天就直接封城全员核酸，三个方舱医院也抓紧建设。社区、防疫和志愿者24小时工作不停。谁来帮啊？
王嘎嘎97,2420651250,2022-03-10 18:10:18,吉林 长春,这是2022年？？？！！！
希之Xz,3131845297,2022-03-10 20:07:52,广西,05
子午侠士,5067914848,2022-03-10 19:46:06,陕西,奴才尼玛比！我啥都不了解，傻不拉几的转发装逼，就不是奴才了？//<a href='/n/张冠群21112'>@张冠群21112</a>:这子午侠士真是个奴才
小徐的vb,6297848885,2022-03-10 13:07:12,吉林 长春,"太感动了 终于有人为我们发声了<span class=""url-icon""><img alt=[泪] src=""https://h5.sinaimg.cn/m/emoticon/icon/default/d_lei-4cdf6ee412.png"" style=""width:1em; height:1em;"" /></span>"
婉兮清扬202020,7350525855,2022-03-10 23:54:24,其他,我国可不是这样嘛
金刀王,1203091483,2022-03-10 16:58:44,其他,同学投稿，六号公寓↓
安安长高高了吗,6538331041,2022-03-11 11:50:43,其他,等后续！他们现在在哪！有没有吃饭！有没有水喝！受伤的有没有及时救治！
Softsister9,6739774232,2022-03-10 16:44:20,其他,我要关注你 良心大大的好
Planck_Fan,7486653703,2022-03-10 21:53:23,陕西 西安,#吉林农科院被转移学生又被转移回学校
女巫甩不起来,1919845380,2022-03-10 17:55:19,浙江 绍兴,呵，真的是井然有序啊！都传染了整个公寓了
心中不变的坚持,3071521135,2022-03-10 15:00:40,吉林 长春,小小的吉林市都没人管么？没有别的城市来帮忙么？<a href='/n/中国新闻网'>@中国新闻网</a> <a href='/n/央视新闻'>@央视新闻</a>
玩微博最溜是我,2022855962,2022-03-12 11:37:36,上海 宝山区,上海广场舞传播链和外地同源，大概率是当事人瞒报了；隔离酒店传播链是酒店方没这个大头还想戴大帽子，都是人祸，其实和政策无关，吉林也是。。。其实蛮心酸的，一两粒老鼠屎就可以坏一锅粥了
玩家CJQ,7189813465,2022-03-11 12:57:25,河南 郑州,疫情这么严重，大家健康最重要
放小帅哥冰,6730508344,2022-03-10 19:15:56,台湾 花莲县,吉林加油！
啥时候才能吃成胖子,2394325897,2022-03-10 19:50:27,北京 朝阳区,你说的某市不会是很大的一个市吧
狼_无心,3786498737,2022-03-10 18:10:34,其他,碰上狗官算他们背运
阿音ing,6195796569,2022-03-10 13:36:24,吉林 长春,吉林农业科技学院学生报道，关注+1
想跟拐N儿一起玩,2301340995,2022-03-10 21:31:32,北京,"你这样的明白人才应该当领导<span class=""url-icon""><img alt=[鼓掌] src=""https://h5.sinaimg.cn/m/emoticon/icon/default/d_guzhang-cca8b296d9.png"" style=""width:1em; height:1em;"" /></span>"
两秒钟的爱恋,5835678903,2022-03-10 16:36:39,安徽,为啥在宿舍还带口罩啊
雨润-心甜,1798131993,2022-03-11 15:03:39,天津 和平区,早晨就已经到了，包括那个腿受伤的学生
Gguan1106,5982938760,2022-03-10 16:47:01,其他,"太感动了<span class=""url-icon""><img alt=[抱抱] src=""https://h5.sinaimg.cn/m/emoticon/icon/default/d_baobao-820d2c9a0f.png"" style=""width:1em; height:1em;"" /></span><span class=""url-icon""><img alt=[泪] src=""https://h5.sinaimg.cn/m/emoticon/icon/default/d_lei-4cdf6ee412.png"" style=""width:1em; height:1em;"" /></span>搜狐我爱你"
花夜相思凉,6797167159,2022-03-10 21:32:45,其他,"你能采访到阳性学生吗<span class=""url-icon""><img alt=[思考] src=""https://h5.sinaimg.cn/m/emoticon/icon/default/d_sikao-ff9602dd08.png"" style=""width:1em; height:1em;"" /></span>"
别惹我阿呆,1591323077,2022-03-10 18:22:36,湖北,这个校长该枪毙吧！
dentist步步为莹ing,6068904638,2022-03-10 19:22:55,吉林 吉林,最担心的就是农校只是冰山一角，吉林市疫情防控真相到底如何，希望上级部门或者中央早点介入，解除百姓恐慌<a href='/n/中国新闻网'>@中国新闻网</a> <a href='/n/新华日报'>@新华日报</a> <a href='/n/人民日报'>@人民日报</a> <a href='/n/刚刚'>@刚刚</a> <a href='/n/央视新闻'>@央视新闻</a> <a href='/n/红星新闻'>@红星新闻</a> <a href='/n/中国日报'>@中国日报</a> <a href='/n/央视新闻评论'>@央视新闻评论</a>
美丽人生0738,3815173197,2022-03-11 19:37:33,浙江,ADE效应吧，疫苗没解决问题啊
木棉leo,3242540343,2022-03-10 22:23:24,吉林,"九台疫情也希望得到博主们关注<span class=""url-icon""><img alt=""[开学季]"" src=""https://face.t.sinajs.cn/t4/appstyle/expression/ext/normal/72/2021_kaixueji_org.png"" style=""width:1em; height:1em;"" /></span>"
娅萍小妞,5406658360,2022-03-10 21:28:31,海外 法国,"甘肃也是奥密克戎<span class=""url-icon""><img alt=[失望] src=""https://h5.sinaimg.cn/m/emoticon/icon/default/d_shiwang-b4bf17068f.png"" style=""width:1em; height:1em;"" /></span><span class=""url-icon""><img alt=[失望] src=""https://h5.sinaimg.cn/m/emoticon/icon/default/d_shiwang-b4bf17068f.png"" style=""width:1em; height:1em;"" /></span>"
春晓不觉1007,5275943064,2022-03-10 17:24:28,新疆 昌吉,你去搜一下这个学校性骚扰的老师
子午侠士,5067914848,2022-03-10 19:58:27,陕西,"问题存在，好像也挺严重，但当我又看到了类似于“血流成河”的描述，我不由得心里一紧，顿生疑惑，这是我真实的心里活动，我不用说谎。//<a href='/n/__爱甯'>@__爱甯</a>:我自己纳闷的是两点还排名第20，为什么能14.05直接就热搜第一名了，没有人推动么<span class=""url-icon""><img alt=[笑cry] src=""https://h5.sinaimg.cn/m/emoticon/icon/default/d_xiaoku-f2bd11b506.png"" style=""width:1em; height:1em;"" /></span><span class=""url-icon""><img alt=[笑cry] src=""https://h5.sinaimg.cn/m/emoticon/icon/default/d_xiaoku-f2bd11b506.png"" style=""width:1em; height:1em;"" /></span><span class=""url-icon""><img alt=[笑cry] src=""https://h5.sinaimg.cn/m/emoticon/icon/default/d_xiaoku-f2bd11b506.png"" style=""width:1em; height:1em;"" /></span><span class=""url-icon""><img alt=[笑cry] src=""https://h5.sinaimg.cn/m/emoticon/icon/default/d_xiaoku-f2bd11b506.png"" style=""width:1em; height:1em;"" /></span><span class=""url-icon""><img alt=[笑cry] src=""https://h5.sinaimg.cn/m/emoticon/icon/default/d_xiaoku-f2bd11b506.png"" style=""width:1em; height:1em;"" /></span><span class=""url-icon""><img alt=[笑cry] src=""https://h5.sinaimg.cn/m/emoticon/icon/default/d_xiaoku-f2bd11b506.png"" style=""width:1em; height:1em;"" /></span>"
瓦来啦,2510913447,2022-03-10 18:30:59,山西 晋城,这么大的事，校领导怎么想的？？？
沉睡的锤子,7503588434,2022-03-10 14:28:33,吉林 吉林,谢谢你为吉林发声
卓子mmd,5849398454,2022-03-11 11:19:20,北京,看了你微博很久，也很喜欢你，但这个贴不客观，未了解事情的全部真相。
白水最最长情,5631745206,2022-03-10 19:58:13,浙江 杭州,一切听党的就没错，之前那么困难都挺过来了
君幸食-Manson,1412197272,2022-03-11 13:01:08,北京 朝阳区,这样的行政管理组织能力也是感人，如果把车上的孩子当自己的孩子，应该不会出现这种事。
林木兮迩,5342450898,2022-03-10 16:51:00,四川 乐山,反手一个关注 这官方能处
废话饭桶,6179740774,2022-03-10 21:04:25,其他,不是被溜了一圈又回校了吗 洗什么
一衫白衣谁人说,2826981584,2022-03-10 17:41:50,浙江 宁波,搜狐好兄弟
慵懒的艺术家_,2075617407,2022-03-10 18:13:53,浙江 杭州,查查第一例儿童医院的学生吧，啥玩意啊，医院防控不利，发烧咳嗽不做核酸就打针？第二天还接着上学！查查查！
丑小丫丑小丫小丫,3964895829,2022-03-11 18:16:03,福建 厦门,"怎么感觉你在笑<span class=""url-icon""><img alt=[允悲] src=""https://h5.sinaimg.cn/m/emoticon/icon/default/d_yunbei-a14a649db8.png"" style=""width:1em; height:1em;"" /></span>"
乡野经典中医,1803457264,2022-03-10 18:45:13,广东 东莞,希望学生们都平安！
火社红糖糍粑,7026778646,2022-03-10 17:55:08,辽宁 沈阳,我就是这毕业的，说实话这些年不知道，但我读书的时候、学校风评还算可以，虽然不是啥名校，但是起码也有个普普通通本科的样子，这次以这种方式全国出名真让人挺难过的。
吃饭团的猴子,5647103767,2022-03-10 23:49:57,湖北 武汉,"<a  href=""https://m.weibo.cn/search?containerid=231522type%3D1%26t%3D10%26q%3D%23%E5%90%89%E6%9E%97%E5%86%9C%E4%B8%9A%E7%A7%91%E6%8A%80%E5%AD%A6%E9%99%A2%E7%96%AB%E6%83%85%23&extparam=%23%E5%90%89%E6%9E%97%E5%86%9C%E4%B8%9A%E7%A7%91%E6%8A%80%E5%AD%A6%E9%99%A2%E7%96%AB%E6%83%85%23"" data-hide=""""><span class=""surl-text"">#吉林农业科技学院疫情#</span></a>看了视频，真的好心痛～"
子午侠士,5067914848,2022-03-10 21:35:45,陕西,实事求是的，客观的批评很正常，但为了装逼，好像棍子抡得越狠，就越政治正确，逼格就越高，那是品德有问题。如果不能雪中送炭，做到不落井下石也是美德。//<a href='/n/汜水听雨'>@汜水听雨</a>:侠士网上一如既往地理智，一句“吉林加油”看出陕西汉子的好人品。
想飞的可乐炸鸡,6638949351,2022-03-11 00:01:48,其他,怕了呀学校也不一定安全就在他们那边印证了
一切顺利呦呦,7533465632,2022-03-10 16:17:29,海外 西班牙,"防疫不作为，压事捂嘴就最会！吉林市疫情十几天了，近日天天新增阳性破百，昨天才开疫情发布会<span class=""url-icon""><img alt=[摊手] src=""https://h5.sinaimg.cn/m/emoticon/icon/default/d_tanshou-fa05d4eacf.png"" style=""width:1em; height:1em;"" /></span>说菜品充足，但实际很多居民菜品都供应不上。基层工作者累的不像样！疫情三年了，抄作业也该抄差不多了！有些人真是心不在民！失职！太失职了！<a href='/n/人民日报'>@人民日报</a> <a href='/n/中国新闻网'>@中国新闻网</a> <a href='/n/央视新闻'>@央视新闻</a> <a href='/n/人民网'>@人民网</a>"
是新年好,5239114987,2022-03-11 09:57:20,吉林,全部转运了
宇宙三盏灯,5730318644,2022-03-10 16:46:59,吉林,你要是被威胁了你就眨眨眼
赵敢敢啊,6358413661,2022-03-10 16:51:34,山东,正义搜狐，比官媒强，雄起！维护学生生命财产！
暮手手手手手手,2014401677,2022-03-10 20:16:50,其他,"搜狐能处 有事他是真发 评论关注点赞三连 <span class=""url-icon""><img alt=[赞] src=""https://h5.sinaimg.cn/m/emoticon/icon/others/h_zan-44ddc70637.png"" style=""width:1em; height:1em;"" /></span><span class=""url-icon""><img alt=[赞] src=""https://h5.sinaimg.cn/m/emoticon/icon/others/h_zan-44ddc70637.png"" style=""width:1em; height:1em;"" /></span><span class=""url-icon""><img alt=[赞] src=""https://h5.sinaimg.cn/m/emoticon/icon/others/h_zan-44ddc70637.png"" style=""width:1em; height:1em;"" /></span>"
H小小66888,1787063277,2022-03-11 00:30:24,江苏,"加油 上帝保佑平安<span class=""url-icon""><img alt=[心] src=""https://h5.sinaimg.cn/m/emoticon/icon/others/l_xin-43af9086c0.png"" style=""width:1em; height:1em;"" /></span>"
要铅笔不要橡皮,1799347991,2022-03-10 14:53:46,其他,这么多09
Troy何,6134216694,2022-03-14 08:15:25,北京,山西这次事前防控不说，后发跟进办法绝对可以了
-介个,3969086312,2022-03-10 18:21:42,其他,领导真是蠢和坏
我是弓长江鸟,1747720855,2022-03-11 00:15:52,广东 广州,上不了热门的，都控评了
小来份美丽,6357465358,2022-03-10 17:39:59,河南 新乡,也不只是这一个学校的问题，政府也有一定的问题
蓦然回首白云依旧,1132239341,2022-03-10 23:50:14,其他,"<a  href=""https://m.weibo.cn/search?containerid=231522type%3D1%26t%3D10%26q%3D%23%E5%90%89%E6%9E%97%E5%86%9C%E4%B8%9A%E7%A7%91%E6%8A%80%E5%AD%A6%E9%99%A2%E7%96%AB%E6%83%85%23&extparam=%23%E5%90%89%E6%9E%97%E5%86%9C%E4%B8%9A%E7%A7%91%E6%8A%80%E5%AD%A6%E9%99%A2%E7%96%AB%E6%83%85%23"" data-hide=""""><span class=""surl-text"">#吉林农业科技学院疫情#</span></a>无知，冷漠又麻木，骇人听闻！"
大草原上的小脑鼠,1377794175,2022-03-10 20:45:45,其他,"怕不是被外甥拉出来挡枪了吧   当谁看不出来呢<span class=""url-icon""><img alt=[摊手] src=""https://h5.sinaimg.cn/m/emoticon/icon/default/d_tanshou-fa05d4eacf.png"" style=""width:1em; height:1em;"" /></span>"
欧气小橙橙,3951035746,2022-03-10 20:42:08,河北 石家庄,现在哪个学校还能说正事，全是官僚主义
kkcake-3-,2049609612,2022-03-10 13:13:19,吉林 吉林,<a href='/n/人民日报'>@人民日报</a>
DSX4843,5975760868,2022-03-11 09:17:01,重庆,还有学校封校都是封学生，从来不封老师，可能只有学生出去才会有危险
宝呗伊one,6349556953,2022-03-10 16:32:25,北京,发声求救没有错。那算谣言吗。不就是没有能力及时处理好集体传染事件吗。低头认清现实。领导接受批评及时上报省级求救。发声如果有错。就不会有武汉的后来了。生病的学生，起不来的学生。等了几天没有解决。那叫命啊。疫情三年了。不可以发声吗。
小熊猫会去落星田吃泡面,7461516671,2022-03-10 16:37:52,其他,up
是隋小爽爽爽爽吖,5979061026,2022-03-10 23:12:05,其他,"这是假的<span class=""url-icon""><img alt=[泪] src=""https://h5.sinaimg.cn/m/emoticon/icon/default/d_lei-4cdf6ee412.png"" style=""width:1em; height:1em;"" /></span>又被拉回去了"
赵怡eva,1951787745,2022-03-10 22:27:45,其他,感谢搜狐 搜狐能处 有事真上
野原曼鱼丸_,5180066356,2022-03-10 19:24:40,海外 澳大利亚,"也就是说现在这些确诊里 还不包含吉林农业科技的确诊对吗<span class=""url-icon""><img alt=[费解] src=""https://h5.sinaimg.cn/m/emoticon/icon/default/d_feijie-c1df37ef03.png"" style=""width:1em; height:1em;"" /></span><span class=""url-icon""><img alt=[费解] src=""https://h5.sinaimg.cn/m/emoticon/icon/default/d_feijie-c1df37ef03.png"" style=""width:1em; height:1em;"" /></span>吉林省的领导班子是干嘛吃的？"
Yeah-moni,5469454485,2022-03-11 21:15:02,福建,你们
GYamzinhp,6068146229,2022-03-11 07:08:35,辽宁,已经出现洗白的了，没救了，兴许明天热搜就没了
honeyhoney倩倩,5385423826,2022-03-10 20:25:10,河南 郑州,没那本事让全部师生和领导，饭堂阿姨，收垃圾的全部隔离，就别开学，也别只隔离学生。
恩彤・,6538389729,2022-03-10 17:34:09,其他,说的正确！
樱桃小百科,2042463261,2022-03-10 23:51:44,吉林,"不信谣，不传谣，只想看到孩子们妥善安置，及时治疗。希望孩子们平安，他们的父母该多着急！有关部门应对措施差强人意<span class=""url-icon""><img alt=[悲伤] src=""https://h5.sinaimg.cn/m/emoticon/icon/default/d_beishang-c95268c034.png"" style=""width:1em; height:1em;"" /></span>，不过却是也是尽力了！"
北方胡子的80年代,7544208375,2022-03-10 19:59:48,广东 广州,博主不贸然评论是对的！防疫不力绝对应该追责！但，是不是真的“不防疫、放任学生不管、只是一直压热搜”，要等调查结论！
风吹裤裤当当响,2702966785,2022-03-10 20:23:52,河北,这次要是没有领导被判刑那没救了
浅小光,1231452651,2022-03-10 16:14:53,吉林,"<span class=""url-icon""><img alt=[泪] src=""https://h5.sinaimg.cn/m/emoticon/icon/default/d_lei-4cdf6ee412.png"" style=""width:1em; height:1em;"" /></span><span class=""url-icon""><img alt=[泪] src=""https://h5.sinaimg.cn/m/emoticon/icon/default/d_lei-4cdf6ee412.png"" style=""width:1em; height:1em;"" /></span><span class=""url-icon""><img alt=[泪] src=""https://h5.sinaimg.cn/m/emoticon/icon/default/d_lei-4cdf6ee412.png"" style=""width:1em; height:1em;"" /></span>谢谢您为吉林市发声"
糖诗三百首好吃不,6302970077,2022-03-10 21:39:51,重庆 江北区,真的是很不能理解学校的做法
多肉喜肉,6585914574,2022-03-10 16:45:41,宁夏,哪里客观了，就是纯纯自己博热度自己表现吧，火没烧到自己身上在这说大话
娃娃爱花花呀-,6130848366,2022-03-10 16:39:47,山东,看看吧
人人文学-曹振峰,5567462206,2022-03-11 10:55:36,河北,每次正义都会迟到……说不明那里出现难题
杉林沐,1257604687,2022-03-10 17:56:48,安徽,"<span class=""url-icon""><img alt=[心] src=""https://h5.sinaimg.cn/m/emoticon/icon/others/l_xin-43af9086c0.png"" style=""width:1em; height:1em;"" /></span><span class=""url-icon""><img alt=[心] src=""https://h5.sinaimg.cn/m/emoticon/icon/others/l_xin-43af9086c0.png"" style=""width:1em; height:1em;"" /></span><span class=""url-icon""><img alt=[心] src=""https://h5.sinaimg.cn/m/emoticon/icon/others/l_xin-43af9086c0.png"" style=""width:1em; height:1em;"" /></span><span class=""url-icon""><img alt=[心] src=""https://h5.sinaimg.cn/m/emoticon/icon/others/l_xin-43af9086c0.png"" style=""width:1em; height:1em;"" /></span>"
宇宇的张姐,6247897952,2022-03-10 15:37:25,天津,16年去过吉林市，吉林加油！
缝图,2457073114,2022-03-11 19:43:29,广东,查一查校长和校长身边的人，有问题
ziwei紫薇格格,1874591007,2022-03-11 02:53:54,北京,吉林省领导和卫健委也不是无辜的
北山佛龛,5062714353,2022-03-11 07:21:35,其他,不是难防是不作为！
鹿尘舟_Morgentau,3550944441,2022-03-10 20:36:20,湖北 武汉,而且学生出校门真的很麻烦，出校门前要做核酸认证，要找辅导员批假条，还要分事情，之前我的一个同学家里人去世也只能是直系亲属去世才给批假条出去，批假条也要很多证明，行程要报备，回来要销假，回来也要做核酸，不是说为了安全不愿意，只是教职工，以及学校的工作人员每天做核酸吗，每天报备行程吗
求变脸de小圆饼,6153284363,2022-03-11 23:07:21,海外 其他,学校已经尽力了 上报从二号挺到十号没有人下来管 也没有人接走患者 没人下来帮忙 想想是谁的问题
六月的清晨YY,6045989552,2022-03-11 05:59:20,其他,"<a  href=""https://m.weibo.cn/search?containerid=231522type%3D1%26t%3D10%26q%3D%23%E5%90%89%E6%9E%97%E5%86%9C%E4%B8%9A%E7%A7%91%E6%8A%80%E5%AD%A6%E9%99%A2%E7%96%AB%E6%83%85%23&extparam=%23%E5%90%89%E6%9E%97%E5%86%9C%E4%B8%9A%E7%A7%91%E6%8A%80%E5%AD%A6%E9%99%A2%E7%96%AB%E6%83%85%23"" data-hide=""""><span class=""surl-text"">#吉林农业科技学院疫情#</span></a>不能掉以轻心，还是得多注意防护"
终南山岭秀,7480827944,2022-03-10 19:43:38,陕西,"影子宣传部威力强大！西安曾遭遇过影子宣传部大力讨伐<span class=""url-icon""><img alt=[哈哈] src=""https://h5.sinaimg.cn/m/emoticon/icon/default/d_haha-0ec05e6dad.png"" style=""width:1em; height:1em;"" /></span>"
猫猫咪呀觉厉呀,7456037677,2022-03-11 11:08:50,河北,"唉<span class=""url-icon""><img alt=[泪] src=""https://h5.sinaimg.cn/m/emoticon/icon/default/d_lei-4cdf6ee412.png"" style=""width:1em; height:1em;"" /></span>"
郭子不玉玉,5825003397,2022-03-10 13:04:25,吉林 长春,<a href='/n/人民日报'>@人民日报</a> <a href='/n/央视新闻'>@央视新闻</a>
山下小甜子,3706845021,2022-03-11 11:22:06,海外,"领导为了保住自己的帽子就只会花钱降热搜啊<span class=""url-icon""><img alt=[熊猫] src=""https://h5.sinaimg.cn/m/emoticon/icon/others/d_xiongmao-74969ad038.png"" style=""width:1em; height:1em;"" /></span>"
逗比中二病,5228131985,2022-03-10 16:42:01,内蒙古 呼和浩特,就问说的那句是谣言学校体育馆现在没住人？图书馆没住人？f楼没住人？你要是学校学生4号没排队一上午做核酸？
边蘑乎乎,3246906462,2022-03-10 16:50:00,吉林 延边朝鲜族自治州,果断关注上，以后跟着搜狐混了
岁月安然・时光清浅,6304109923,2022-03-10 23:23:15,其他,感谢您的发声
泡泡在这呢w,6103263296,2022-03-10 17:43:27,其他,"希望疫情早日结束<span class=""url-icon""><img alt=[泪] src=""https://h5.sinaimg.cn/m/emoticon/icon/default/d_lei-4cdf6ee412.png"" style=""width:1em; height:1em;"" /></span>"
月玫雾莱,6107985670,2022-03-10 14:53:03,其他,"我的妈呀，希望大家都好好的<span class=""url-icon""><img alt=[泪] src=""https://h5.sinaimg.cn/m/emoticon/icon/default/d_lei-4cdf6ee412.png"" style=""width:1em; height:1em;"" /></span>"
佛系少男不修仙,6049754489,2022-03-11 09:03:19,广西 百色,我看见了有的学生发言，那三十辆大巴车，一部分车在外面转了一圈又把学生拉回了学校，据说是在装样子，也不知道真假
杨建允谈社交化商业,5122187716,2022-03-10 20:43:34,陕西 西安,不负责任就很可怕
优雅的女人ZD,5291950471,2022-03-11 03:00:21,吉林 通化,"孩子等了一个半小时，还没上车。孩子说太冷了。<span class=""url-icon""><img alt=[泪] src=""https://h5.sinaimg.cn/m/emoticon/icon/default/d_lei-4cdf6ee412.png"" style=""width:1em; height:1em;"" /></span>"
甄有money,7448571302,2022-03-10 20:29:27,山东 莱芜,对对对！只封学生不封老师真的很形式主义
小小小小小小爽爷,7278970790,2022-03-11 01:44:37,安徽,就这样，谁还去那个学校啊
宇崽仔,1637491932,2022-03-10 23:56:13,四川,"<a  href=""https://m.weibo.cn/search?containerid=231522type%3D1%26t%3D10%26q%3D%23%E5%90%89%E6%9E%97%E5%86%9C%E4%B8%9A%E7%A7%91%E6%8A%80%E5%AD%A6%E9%99%A2%E7%96%AB%E6%83%85%23&extparam=%23%E5%90%89%E6%9E%97%E5%86%9C%E4%B8%9A%E7%A7%91%E6%8A%80%E5%AD%A6%E9%99%A2%E7%96%AB%E6%83%85%23"" data-hide=""""><span class=""surl-text"">#吉林农业科技学院疫情#</span></a>疫情快点过去吧，孩子们平安健康就好"
__爱甯,3488883407,2022-03-10 19:48:37,福建 厦门,"我自己纳闷的是两点还排名第20，为什么能14.05直接就热搜第一名了，没有人推动么<span class=""url-icon""><img alt=[笑cry] src=""https://h5.sinaimg.cn/m/emoticon/icon/default/d_xiaoku-f2bd11b506.png"" style=""width:1em; height:1em;"" /></span><span class=""url-icon""><img alt=[笑cry] src=""https://h5.sinaimg.cn/m/emoticon/icon/default/d_xiaoku-f2bd11b506.png"" style=""width:1em; height:1em;"" /></span><span class=""url-icon""><img alt=[笑cry] src=""https://h5.sinaimg.cn/m/emoticon/icon/default/d_xiaoku-f2bd11b506.png"" style=""width:1em; height:1em;"" /></span><span class=""url-icon""><img alt=[笑cry] src=""https://h5.sinaimg.cn/m/emoticon/icon/default/d_xiaoku-f2bd11b506.png"" style=""width:1em; height:1em;"" /></span><span class=""url-icon""><img alt=[笑cry] src=""https://h5.sinaimg.cn/m/emoticon/icon/default/d_xiaoku-f2bd11b506.png"" style=""width:1em; height:1em;"" /></span><span class=""url-icon""><img alt=[笑cry] src=""https://h5.sinaimg.cn/m/emoticon/icon/default/d_xiaoku-f2bd11b506.png"" style=""width:1em; height:1em;"" /></span>"
屁哥2克拉,7456037321,2022-03-11 03:50:12,河北,唉，真难受
笙81288,6652887673,2022-03-10 16:21:53,其他,大哥说出了我们的心声 都好几天了 我们楼层 十合一有阳性 学校愣是让他们在寝室呆了一天 今天中午才带走  那时候十个人中间已经有好几个人开始发烧了
幸运的小猴,5532923329,2022-03-11 09:13:42,吉林 长春,帆姐说得对劲儿，点赞！
乌鲁蒂亚s,5249611753,2022-03-10 16:47:55,吉林,你怕是没看过他之前发的那个视频 可以去殷世航微博里看 这名学生就是被当枪使了 不要网暴他 他是敢于发声的人
20131,1847337584,2022-03-10 16:43:59,福建 厦门,"我必须关注你，良心媒体。<span class=""url-icon""><img alt=[赞] src=""https://h5.sinaimg.cn/m/emoticon/icon/others/h_zan-44ddc70637.png"" style=""width:1em; height:1em;"" /></span>"
暗香9401,2131583893,2022-03-11 07:07:40,黑龙江,这个时候就能看出哪些新闻真的假的了，以后避雷
21级小学弟,6255665536,2022-03-10 17:43:00,吉林,"<span class=""url-icon""><img alt=[打call] src=""https://h5.sinaimg.cn/m/emoticon/icon/default/fb_a1dacall-1e0c4593fc.png"" style=""width:1em; height:1em;"" /></span><span class=""url-icon""><img alt=[打call] src=""https://h5.sinaimg.cn/m/emoticon/icon/default/fb_a1dacall-1e0c4593fc.png"" style=""width:1em; height:1em;"" /></span>"
芒果越,1655540283,2022-03-10 19:02:23,辽宁,我想起那句讽刺的话，你求助为什么不到微博。现实生活里求助无门居然最后是靠社交软件。太可笑了。
g时来运转g,3977292424,2022-03-11 06:11:51,海外 瑞典,学校可以压热搜，本事大了
直隶总督888,6126386904,2022-03-10 20:31:29,河北,050505孩子们早日康复康复
盛盛呀生生,2467446674,2022-03-11 20:41:28,广东 佛山,"嘻嘻<span class=""url-icon""><img alt=[心] src=""https://h5.sinaimg.cn/m/emoticon/icon/others/l_xin-43af9086c0.png"" style=""width:1em; height:1em;"" /></span>"
一只咸鱼王yanu,5973378944,2022-03-10 20:34:27,四川 乐山,毕竟人家的理念就是新冠只感染大学生
是长劲鹿嘛,1934880664,2022-03-10 22:10:23,天津 东丽区,不仅仅是学校的管理
小尤怎么那么可爱86,6885061449,2022-03-11 00:11:34,四川,各地疫情又反复了。
谜之免女郎X,3689493785,2022-03-10 19:41:56,北京,"吉林加油！<a  href=""https://m.weibo.cn/search?containerid=231522type%3D1%26t%3D10%26q%3D%23%E5%90%89%E6%9E%97%E5%86%9C%E4%B8%9A%E7%A7%91%E6%8A%80%E5%AD%A6%E9%99%A2%E7%96%AB%E6%83%85%23&extparam=%23%E5%90%89%E6%9E%97%E5%86%9C%E4%B8%9A%E7%A7%91%E6%8A%80%E5%AD%A6%E9%99%A2%E7%96%AB%E6%83%85%23"" data-hide=""""><span class=""surl-text"">#吉林农业科技学院疫情#</span></a>"
神行太保2000,1795347583,2022-03-10 19:52:02,河北 邯郸,"哭了<span class=""url-icon""><img alt=[泪] src=""https://h5.sinaimg.cn/m/emoticon/icon/default/d_lei-4cdf6ee412.png"" style=""width:1em; height:1em;"" /></span>"
猕猴桃的奇思妙想_,6344745756,2022-03-10 16:15:20,其他,"太好啦！！！！！<span class=""url-icon""><img alt=[泪] src=""https://h5.sinaimg.cn/m/emoticon/icon/default/d_lei-4cdf6ee412.png"" style=""width:1em; height:1em;"" /></span>"
hls李李,6509770904,2022-03-11 01:06:29,其他,"<span class=""url-icon""><img alt=[笑cry] src=""https://h5.sinaimg.cn/m/emoticon/icon/default/d_xiaoku-f2bd11b506.png"" style=""width:1em; height:1em;"" /></span>别说了我大海南还变相强迫打疫苗"
橙子果酱__,5492375504,2022-03-10 16:50:45,黑龙江 哈尔滨,"他上一个视频还不是这么说的呢  确定这是他自己想发的<span class=""url-icon""><img alt=[疑问] src=""https://h5.sinaimg.cn/m/emoticon/icon/default/d_yiwen-40c066d5c3.png"" style=""width:1em; height:1em;"" /></span>"
赐鸭鸭,5480758909,2022-03-10 16:37:28,吉林,upup
易申士,1087832144,2022-03-10 23:50:43,河北,继续洗
小胖友平安喜乐,1948589174,2022-03-10 14:57:23,陕西,加油9499
哈喽小星,1769482580,2022-03-10 19:41:26,山东 青岛,"守护一下许医生<span class=""url-icon""><img alt=[赞] src=""https://h5.sinaimg.cn/m/emoticon/icon/others/h_zan-44ddc70637.png"" style=""width:1em; height:1em;"" /></span>  传递真相<span class=""url-icon""><img alt=[赞] src=""https://h5.sinaimg.cn/m/emoticon/icon/others/h_zan-44ddc70637.png"" style=""width:1em; height:1em;"" /></span>"
欣然秋语,1268707367,2022-03-11 05:58:06,辽宁 大连,太气愤！政府就这样对待感染的学生！！！
Hey_Renee,2738425010,2022-03-11 09:54:56,四川,热搜保持啊！太惨了这些孩子们 希望有关部门尽快处理
大美粑粑Fighting,1752157631,2022-03-10 19:51:43,天津,这是个三本，你懂的
移动互联网观察与研究,1748439627,2022-03-10 23:51:03,北京,"<a  href=""https://m.weibo.cn/search?containerid=231522type%3D1%26t%3D10%26q%3D%23%E5%90%89%E6%9E%97%E5%86%9C%E4%B8%9A%E7%A7%91%E6%8A%80%E5%AD%A6%E9%99%A2%E7%96%AB%E6%83%85%23&extparam=%23%E5%90%89%E6%9E%97%E5%86%9C%E4%B8%9A%E7%A7%91%E6%8A%80%E5%AD%A6%E9%99%A2%E7%96%AB%E6%83%85%23"" data-hide=""""><span class=""surl-text"">#吉林农业科技学院疫情#</span></a>什么情况？？？5天又是什么情况？"
蜀黍是个技术宅,6584252359,2022-03-10 21:33:46,湖北,都说学校存在瞒报真实性存疑，核酸检测都是直报，按理说有阳性的话不可能瞒得住，这个事情跟去年南京机场估计犯了同一个错误，学校属于省管单位，疫情防控工作由学校自己抓，地方上放任，但疫情防控是多部门联动的系统工程，靠一个单位单干肯定出问题。
觉老师一九四三,5521847376,2022-03-10 19:25:57,浙江 杭州,好歹也是第二大经济体
幡动风动是心动,5389414059,2022-03-10 13:21:42,福建 福州,"谢谢你<span class=""url-icon""><img alt=[泪] src=""https://h5.sinaimg.cn/m/emoticon/icon/default/d_lei-4cdf6ee412.png"" style=""width:1em; height:1em;"" /></span>"
北柠陌寒1220,5641484165,2022-03-10 23:11:51,上海,吉林市这一年还一直过度防疫 疾控和社区的要求都不统一……
芽芽不能发芽,5886523896,2022-03-10 16:51:39,四川 成都,能不能滚 这种情况还在这蹭热度？？？
魏一轮新月,5993655956,2022-03-10 16:38:53,其他,"谢谢您<span class=""url-icon""><img alt=[赞] src=""https://h5.sinaimg.cn/m/emoticon/icon/others/h_zan-44ddc70637.png"" style=""width:1em; height:1em;"" /></span>"
派大星的肚子比我小,1462901327,2022-03-10 21:43:46,北京 朝阳区,哈哈 是不是医护人员又有点儿过剩了
